"shooterName","total_xReboundsPlus","total_xRebounds","total_shots","teamCode"
"Brady Tkachuk","94.58059832","138.7668010367",401,"OTT"
"Matt Boldy","89.38520674","118.3788990327",379,"MIN"
"Nathan MacKinnon","86.09399299","117.7622909465",389,"COL"
"Filip Forsberg","85.03586831","122.3951357359",392,"NSH"
"David Pastrnak","83.74050134","109.5984491896",398,"BOS"
"Artemi Panarin","80.30388991","105.7347775392",354,"NYR"
"Cale Makar","79.65946907","108.8983543015",354,"COL"
"Auston Matthews","79.48554101","117.4583076609",332,"TOR"
"Nazem Kadri","76.93059034","105.1198948906",331,"CGY"
"Leon Draisaitl","74.47491524"," 97.2636168454",324,"EDM"
"William Nylander","74.10390658","106.4057247930",322,"TOR"
"Zach Werenski","73.52130385"," 99.2077466467",365,"CBJ"
"Kyle Connor","73.29809611","103.8258724562",311,"WPG"
"Kevin Fiala","72.46837022"," 94.6296303669",329,"LAK"
"Jordan Kyrou","72.42413728"," 94.6006629384",290,"STL"
"Carter Verhaeghe","72.08736744","103.7698063846",314,"FLA"
"Sam Bennett","71.63173018"," 99.5252705557",299,"FLA"
"Timo Meier","71.41000519","100.4291593211",335,"NJD"
"Jack Hughes","71.34229312","103.4164377791",320,"NJD"
"Brandon Montour","70.86838070"," 91.7279292883",324,"SEA"
"Nikita Kucherov","70.61178521"," 89.5376198526",326,"TBL"
"Brandon Hagel","70.31989643","101.5862880311",285,"TBL"
"Mikko Rantanen","69.92033723"," 94.0818697168",302,"DAL"
"Adrian Kempe","69.91766036"," 87.3199002805",309,"LAK"
"Anders Lee","68.67982644","109.8129512675",285,"NYI"
"Sam Reinhart","68.16353251"," 97.1235937403",295,"FLA"
"Dylan Larkin","68.10328389"," 98.9210115236",314,"DET"
"Sidney Crosby","68.02898887"," 95.7796825533",294,"PIT"
"Sebastian Aho","67.90379907"," 94.0033595022",298,"CAR"
"Cole Caufield","66.95541626"," 98.1021393703",303,"MTL"
"Tage Thompson","66.94950961"," 89.2156599138",304,"BUF"
"Frank Vatrano","66.94380537"," 92.5293104859",301,"ANA"
"Zach Hyman","66.49955946","100.4754829612",265,"EDM"
"Macklin Celebrini","66.18588459"," 83.8667606328",299,"SJS"
"Evan Bouchard","65.63126397"," 84.7318583779",279,"EDM"
"Pavel Dorofeyev","65.54120567"," 98.1477644228",299,"VGK"
"Alex Ovechkin","65.12244178"," 78.8637548713",294,"WSH"
"Bo Horvat","65.06059338"," 95.3105290197",304,"NYI"
"Tomas Hertl","63.93643507"," 93.5498861294",252,"VGK"
"Alex Tuch","63.87425430"," 94.6772765739",268,"BUF"
"Clayton Keller","63.55159255"," 86.8808558815",292,"UTA"
"Brock Nelson","62.85786328"," 90.1438877721",251,"COL"
"Jaden Schwartz","62.84210849"," 89.1470731472",255,"SEA"
"Alex DeBrincat","61.58282214"," 93.3541295110",302,"DET"
"Vincent Trocheck","61.32738336"," 91.2531247260",281,"NYR"
"Jared McCann","61.26539060"," 77.7096340419",267,"SEA"
"Jason Robertson","61.23769610"," 83.7228400251",258,"DAL"
"Connor McDavid","61.11864783"," 89.4423411111",266,"EDM"
"Rickard Rakell","60.88796354"," 89.7774233461",277,"PIT"
"John Tavares","60.59359278"," 93.8095163501",239,"TOR"
"Andrei Svechnikov","60.56944959"," 91.2345075667",254,"CAR"
"Brad Marchand","60.39447560"," 83.6837150724",249,"BOS"
"Jack Eichel","59.89988771"," 83.1346107383",283,"VGK"
"Jesper Bratt","59.65434578"," 84.5632470948",247,"NJD"
"Quinn Hughes","59.20130036"," 71.3878729898",262,"VAN"
"Nikolaj Ehlers","58.35087877"," 81.6429708824",259,"WPG"
"Owen Tippett","58.31601396"," 79.9181947761",262,"PHI"
"Mitch Marner","58.17557595"," 75.4000951562",229,"TOR"
"Jonathan Marchessault","57.85304760"," 81.0221756516",255,"NSH"
"Nico Hischier","57.62603814"," 83.0805002663",243,"NJD"
"Brent Burns","57.58334279"," 65.4540880757",255,"CAR"
"Connor McMichael","57.27074645"," 86.3138760739",232,"WSH"
"Troy Terry","57.21552221"," 81.9602244777",231,"ANA"
"Dylan Guenther","57.13507044"," 75.4103042224",291,"UTA"
"Wyatt Johnston","56.94454861"," 84.0803197594",261,"DAL"
"Seth Jarvis","56.85141354"," 87.5061518887",263,"CAR"
"Tyler Toffoli","56.67620600"," 81.5176151785",271,"SJS"
"Alex Laferriere","56.59446002"," 73.4601213276",256,"LAK"
"Victor Hedman","56.48261130"," 62.0616792318",260,"TBL"
"Jake Guentzel","56.45444908"," 91.3951841522",257,"TBL"
"Jakob Chychrun","55.98809676"," 65.0889978893",270,"WSH"
"Connor Bedard","55.56576650"," 78.5412623594",248,"CHI"
"Mika Zibanejad","55.23874533"," 75.8971150374",267,"NYR"
"Warren Foegele","55.20706861"," 79.3298204563",252,"LAK"
"Tom Wilson","55.08341931"," 82.4326783598",237,"WSH"
"Dylan Cozens","54.89913959"," 77.0977118814",222,"OTT"
"Blake Coleman","54.83721043"," 82.2244561847",246,"CGY"
"Travis Konecny","54.76263320"," 79.0365468683",256,"PHI"
"Erik Karlsson","54.28979803"," 66.8086779788",264,"PIT"
"Noah Dobson","54.14100202"," 76.1819342641",261,"NYI"
"Bryan Rust","54.03615910"," 89.9072501316",244,"PIT"
"Mark Scheifele","53.95511399"," 75.6111045974",237,"WPG"
"Kyle Palmieri","53.93719252"," 73.9913459187",238,"NYI"
"Brayden Point","53.87324943"," 85.8927538532",243,"TBL"
"Cutter Gauthier","53.80014548"," 70.9189463207",245,"ANA"
"Dougie Hamilton","53.35964033"," 53.2828909579",271,"NJD"
"Matthew Tkachuk","53.12234122"," 80.0436904180",237,"FLA"
"Ryan Donato","52.88537119"," 81.6944716186",225,"CHI"
"Martin Necas","52.85327775"," 80.8893747363",283,"COL"
"Kirill Marchenko","52.58656392"," 76.1510400767",264,"CBJ"
"Dylan Holloway","52.51692396"," 74.4104773662",233,"STL"
"Matty Beniers","52.24733979"," 73.5999462295",215,"SEA"
"Matvei Michkov","52.22711653"," 77.4800259385",236,"PHI"
"Josh Morrissey","52.16626768"," 66.5110036771",240,"WPG"
"Drake Batherson","52.06687703"," 78.2502784659",233,"OTT"
"Quinton Byfield","52.01196374"," 73.0112335008",232,"LAK"
"Rasmus Dahlin","51.87997399"," 68.3927485731",239,"BUF"
"Artturi Lehkonen","51.57755743"," 70.4690386147",199,"COL"
"Adam Fantilli","51.53199525"," 71.7709232705",239,"CBJ"
"Gustav Forsling","51.34713987"," 59.4903984280",237,"FLA"
"Elias Pettersson","51.26297899"," 71.3009622511",215,"VAN"
"Barrett Hayton","51.14625789"," 74.3767675927",210,"UTA"
"Matt Coronato","51.06089256"," 71.9688513679",222,"CGY"
"Alexis Lafreniere","50.80008950"," 66.3363462597",197,"NYR"
"Roman Josi","50.79841165"," 64.5732895074",234,"NSH"
"Ryan Nugent-Hopkins","50.63712762"," 76.9441114182",200,"EDM"
"Logan Stankoven","50.62329274"," 67.2228018504",234,"CAR"
"Mason McTavish","50.44230686"," 69.7529087610",223,"ANA"
"Conor Garland","50.32763920"," 70.9648234359",232,"VAN"
"Nick Suzuki","50.29863034"," 69.7506762591",213,"MTL"
"JJ Peterka","49.85237659"," 67.8931107430",230,"BUF"
"Anthony Cirelli","49.84194754"," 72.3938144389",207,"TBL"
"Fabian Zetterlund","49.48547759"," 70.8092044583",235,"OTT"
"Chris Kreider","49.28086144"," 74.3629240754",193,"NYR"
"Mikael Backlund","49.17974812"," 63.3728570598",220,"CGY"
"Thomas Chabot","48.80856421"," 57.0070404572",224,"OTT"
"Lucas Raymond","48.79030120"," 72.1145906512",247,"DET"
"John Carlson","48.72768763"," 57.7464373386",228,"WSH"
"Cole Perfetti","48.62238895"," 68.6179822466",197,"WPG"
"Pavel Buchnevich","48.61426854"," 70.2778302697",195,"STL"
"Jake DeBrusk","48.54933374"," 72.5982104993",202,"VAN"
"Jonathan Huberdeau","48.32805713"," 69.7804035794",177,"CGY"
"Ryan Hartman","48.32765531"," 61.7186793253",193,"MIN"
"Aleksander Barkov","48.26450756"," 67.9129048198",212,"FLA"
"Darnell Nurse","47.98451461"," 52.7107409677",231,"EDM"
"Roope Hintz","47.91624119"," 68.6800000563",194,"DAL"
"Mikael Granlund","47.83299683"," 65.7700313085",222,"DAL"
"Stefan Noesen","47.71190738"," 76.9802841907",223,"NJD"
"Jake Walman","47.63682281"," 50.1654718011",208,"EDM"
"Nick Schmaltz","47.59829775"," 65.3902319650",229,"UTA"
"Pierre-Luc Dubois","47.59616639"," 74.8620973583",197,"WSH"
"Evan Rodrigues","47.29002492"," 64.9304313450",222,"FLA"
"Tyler Bertuzzi","47.24494994"," 71.4700250853",187,"CHI"
"Michael Bunting","47.22813676"," 66.2072843582",194,"NSH"
"Ryan O'Reilly","47.00526574"," 74.4384407963",192,"NSH"
"Aliaksei Protas","46.80847962"," 69.1485502726",204,"WSH"
"MacKenzie Weegar","46.39481813"," 58.0787428223",231,"CGY"
"William Eklund","46.16933710"," 61.8690510639",201,"SJS"
"Steven Stamkos","46.16603473"," 58.9122832561",223,"NSH"
"Jason Zucker","45.83351745"," 64.6468236966",189,"BUF"
"Tyson Foerster","45.76696256"," 66.2842008771",186,"PHI"
"Rasmus Andersson","45.56855946"," 58.9912595637",224,"CGY"
"Will Cuylle","45.43684414"," 70.2600309838",194,"NYR"
"Morgan Geekie","45.13892167"," 64.7040166706",202,"BOS"
"Jordan Martinook","45.13451341"," 59.1338471109",182,"CAR"
"Patrick Kane","44.99469716"," 62.3497748272",210,"DET"
"Oliver Bjorkstrand","44.91274761"," 56.7156508900",199,"TBL"
"Trevor Moore","44.85785718"," 65.8131310859",209,"LAK"
"Robert Thomas","44.81276484"," 59.2686836054",199,"STL"
"Alex Pietrangelo","44.81066886"," 51.5682072567",198,"VGK"
"Drew O'Connor","44.75476846"," 65.2853034756",175,"VAN"
"Filip Chytil","44.68951441"," 68.0041989186",196,"VAN"
"Jake Sanderson","44.57865923"," 56.7820036333",220,"OTT"
"Neal Pionk","44.52551036"," 51.0298548642",200,"WPG"
"Brendan Gallagher","44.52485866"," 62.3348495939",191,"MTL"
"Dylan Strome","44.38338906"," 61.4228192021",182,"WSH"
"Kris Letang","44.36501192"," 54.2843464433",215,"PIT"
"Marco Rossi","44.17329499"," 69.6769289466",181,"MIN"
"Dmitri Voronkov","44.10149434"," 73.7719625739",192,"CBJ"
"Michael Kesselring","44.06805429"," 55.1910361114",198,"UTA"
"Brayden Schenn","44.01383673"," 65.0044467715",192,"STL"
"Elias Lindholm","43.87800671"," 61.5533899411",203,"BOS"
"Bobby McMann","43.85178158"," 60.0905135925",196,"TOR"
"Mike Matheson","43.65717850"," 48.6105712257",194,"MTL"
"Nino Niederreiter","43.51426708"," 65.9535139452",189,"WPG"
"Brock Boeser","43.42673711"," 58.3161550427",191,"VAN"
"Devon Toews","43.42177335"," 51.5330236839",196,"COL"
"Pavel Zacha","43.32510662"," 63.7263018481",176,"BOS"
"Anthony Beauvillier","43.18091789"," 64.2214543998",181,"WSH"
"Moritz Seider","42.77259453"," 51.5997139340",220,"DET"
"Thomas Harley","42.75165169"," 53.0750502767",216,"DAL"
"Kiefer Sherwood","42.59911446"," 50.9344457429",171,"VAN"
"Mattias Ekholm","42.49253720"," 50.5909174686",211,"EDM"
"Matt Duchene","42.39710802"," 62.4933202345",194,"DAL"
"Gabriel Vilardi","42.39640464"," 72.6012656946",188,"WPG"
"Owen Power","42.17433359"," 53.1348755674",186,"BUF"
"Taylor Hall","42.02244817"," 59.6761789816",181,"CAR"
"Eeli Tolvanen","41.97906686"," 58.0966193904",192,"SEA"
"Sean Walker","41.85643469"," 47.5743943268",191,"CAR"
"Joel Farabee","41.68883342"," 59.1952397149",170,"CGY"
"Kirill Kaprizov","41.67574872"," 60.6334938641",179,"MIN"
"Matthew Knies","41.52485517"," 62.6455624311",179,"TOR"
"Juraj Slafkovsky","41.46476829"," 61.4772633333",187,"MTL"
"Jackson Blake","41.36473915"," 62.3392794838",176,"CAR"
"Zach Benson","41.23233757"," 61.7895544640",155,"BUF"
"Jack Roslovic","41.08051439"," 57.9872141299",196,"CAR"
"Mats Zuccarello","41.06226372"," 58.1582360332",190,"MIN"
"Alex Newhook","41.00613790"," 56.9301841008",165,"MTL"
"Ross Colton","40.82054022"," 56.7021778185",178,"COL"
"Sean Couturier","40.74005639"," 61.7583635214",175,"PHI"
"Shane Pinto","40.57072344"," 57.8026850922",166,"OTT"
"Adam Fox","40.47523583"," 48.6307175093",168,"NYR"
"Jack Quinn","40.42304505"," 52.1117209776",171,"BUF"
"Logan Cooley","40.39949070"," 53.5600495291",188,"UTA"
"Shayne Gostisbehere","40.33796175"," 45.2245236818",184,"CAR"
"Anton Lundell","40.33170877"," 58.0558033599",191,"FLA"
"Dawson Mercer","40.22206808"," 55.3117205105",178,"NJD"
"Brady Skjei","40.01346619"," 48.8485540163",192,"NSH"
"Morgan Frost","39.99745623"," 61.2822079315",174,"CGY"
"Ryan Strome","39.95695815"," 52.6983029107",187,"ANA"
"Vladimir Tarasenko","39.94010608"," 53.4323951199",179,"DET"
"Yegor Sharangovich","39.79992572"," 61.8073128070",173,"CGY"
"Travis Sanheim","39.70560301"," 53.5049898336",184,"PHI"
"Colton Parayko","39.63717235"," 52.2939477902",174,"STL"
"Jamie Benn","39.57893452"," 62.2531871626",167,"DAL"
"Jalen Chatfield","39.46062398"," 45.5941799186",176,"CAR"
"Noah Hanifin","39.44601628"," 48.9053200088",186,"VGK"
"Mackie Samoskevich","39.31192157"," 56.4477140773",180,"FLA"
"Viktor Arvidsson","39.21245267"," 55.3356918008",172,"EDM"
"Noah Cates","38.72026681"," 61.4729966026",151,"PHI"
"Phillip Danault","38.51523519"," 53.6397767870",165,"LAK"
"Alex Killorn","38.48958287"," 57.1260903454",174,"ANA"
"Lawson Crouse","38.25410778"," 54.9606060906",174,"UTA"
"Jake Neighbours","38.16969019"," 57.5124963571",150,"STL"
"Andre Burakovsky","38.10671603"," 52.8240912275",148,"SEA"
"J.T. Miller","38.03969851"," 54.0506292038",185,"NYR"
"Brandon Saad","37.99651313"," 56.7263986581",154,"VGK"
"Justin Faulk","37.97062657"," 46.5268062745",162,"STL"
"Aaron Ekblad","37.88871041"," 48.1012525491",179,"FLA"
"Jaccob Slavin","37.79772891"," 39.3921459645",191,"CAR"
"Joel Eriksson Ek","37.68836666"," 57.7942442105",163,"MIN"
"Mason Marchment","37.53597849"," 54.2530721031",173,"DAL"
"Tim Stutzle","37.49930946"," 58.6477251680",159,"OTT"
"Brett Howden","37.49204445"," 51.3215990272",159,"VGK"
"Marco Kasper","37.17443194"," 59.8747412022",166,"DET"
"Miro Heiskanen","36.88936171"," 44.5244138392",164,"DAL"
"Jordan Staal","36.87726981"," 53.1729108717",147,"CAR"
"Jiri Kulich","36.69910785"," 49.2381177623",156,"BUF"
"Shea Theodore","36.68776528"," 44.8995167228",156,"VGK"
"Olen Zellweger","36.64983372"," 44.5915488292",163,"ANA"
"Evgenii Dadonov","36.62473912"," 56.7770137712",161,"DAL"
"Jeff Skinner","36.50316690"," 57.5873638477",171,"EDM"
"Mikhail Sergachev","36.47846012"," 42.5076433257",190,"UTA"
"Vince Dunn","36.33030974"," 43.4921398025",163,"SEA"
"Kaapo Kakko","36.10035731"," 52.5398952736",154,"SEA"
"Ilya Mikheyev","35.88818051"," 53.3768042035",154,"CHI"
"Mark Stone","35.75232289"," 56.6378807967",168,"VGK"
"Pius Suter","35.66225104"," 53.1085714960",155,"VAN"
"Connor Zary","35.63467058"," 57.5703472775",159,"CGY"
"Michael Eyssimont","35.59795552"," 54.2501194585",168,"SEA"
"Scott Laughton","35.57481715"," 55.7929247207",168,"TOR"
"Oliver Ekman-Larsson","35.56368689"," 47.6379425982",176,"TOR"
"Darren Raddysh","35.54151764"," 37.9181018034",167,"TBL"
"Nick Paul","35.42411362"," 50.6215697925",156,"TBL"
"Nicholas Robertson","35.33918346"," 48.2472596439",149,"TOR"
"Ivan Barbashev","35.03132460"," 53.5779854181",155,"VGK"
"Evgeni Malkin","34.97907972"," 52.5350859873",151,"PIT"
"Jackson LaCombe","34.88516355"," 48.4983998757",155,"ANA"
"Claude Giroux","34.84717184"," 48.8436371746",174,"OTT"
"Morgan Rielly","34.65830187"," 42.7343355875",177,"TOR"
"Luke Kunin","34.56357653"," 49.8416548438",157,"CBJ"
"Eric Robinson","34.48663950"," 49.2882225077",143,"CAR"
"Charlie Coyle","34.44023224"," 50.5574368025",154,"COL"
"Cole Sillinger","34.42354850"," 45.8198822691",156,"CBJ"
"Valeri Nichushkin","34.37915253"," 43.4331310583",126,"COL"
"Jean-Gabriel Pageau","34.21336347"," 47.2455542518",152,"NYI"
"Brandon Tanev","34.12574098"," 47.9180659135",142,"WPG"
"Ridly Greig","34.09109459"," 53.8501570522",154,"OTT"
"Seth Jones","33.97683571"," 44.0154719942",152,"FLA"
"Marcus Johansson","33.91093189"," 44.4259855407",143,"MIN"
"Joel Armia","33.66568052"," 43.9601258019",143,"MTL"
"Leo Carlsson","33.61462163"," 45.0432758672",129,"ANA"
"Josh Norris","33.54228401"," 49.7132098488",141,"BUF"
"Josh Anderson","33.36924884"," 50.4813815819",145,"MTL"
"Reilly Smith","33.30793059"," 46.6369255513",146,"VGK"
"Brett Kulak","33.29794382"," 36.5994687118",147,"EDM"
"Sean Monahan","33.23831809"," 48.0214774164",149,"CBJ"
"Maxim Tsyplakov","33.08091685"," 52.4188252073",156,"NYI"
"Christian Dvorak","32.92986757"," 49.7928414232",147,"MTL"
"Gustav Nyquist","32.90664659"," 47.3825951300",145,"MIN"
"Dmitry Orlov","32.90052239"," 40.0606009511",171,"CAR"
"Adam Lowry","32.73226554"," 52.1314560437",145,"WPG"
"Brandt Clarke","32.70026683"," 39.4768653302",154,"LAK"
"Zack Bolduc","32.61639154"," 44.5287790097",153,"STL"
"Charlie McAvoy","32.60505053"," 43.2383528372",140,"BOS"
"Kent Johnson","32.47514718"," 41.7216208718",151,"CBJ"
"Nikita Zadorov","32.33441829"," 35.1043529087",149,"BOS"
"Teuvo Teravainen","32.32728973"," 41.8860091831",144,"CHI"
"Jesperi Kotkaniemi","32.26573796"," 45.0314016691",145,"CAR"
"Martin Pospisil","32.14074292"," 44.0243902084",143,"CGY"
"Jacob Trouba","31.92289581"," 41.1863697868",150,"ANA"
"Casey Cizikas","31.90856311"," 43.8504127732",130,"NYI"
"Michael Rasmussen","31.62115437"," 48.1926530469",126,"DET"
"Paul Cotter","31.53618594"," 45.5899287114",136,"NJD"
"Bobby Brink","31.44960577"," 47.6406740547",140,"PHI"
"K'Andre Miller","31.42166723"," 38.3132544059",146,"NYR"
"Parker Kelly","31.34678723"," 42.3291121506",134,"COL"
"Tanner Pearson","31.26658298"," 41.8869254566",136,"VGK"
"William Karlsson","31.23221351"," 38.7602070622",147,"VGK"
"Jack Drury","31.17448716"," 38.8304512897",137,"COL"
"Vladislav Gavrikov","31.05066996"," 35.1682582686",141,"LAK"
"Rasmus Ristolainen","31.04230519"," 37.6004363633",141,"PHI"
"Brock Faber","30.97056992"," 38.7806591637",145,"MIN"
"Ondrej Palat","30.91511622"," 41.7029646420",134,"NJD"
"Tyler Myers","30.85193569"," 37.8374651650",140,"VAN"
"Will Smith","30.79494909"," 38.1944196915",146,"SJS"
"Vasily Podkolzin","30.63462116"," 46.4375681746",138,"EDM"
"Teddy Blueger","30.59387740"," 43.2435758767",132,"VAN"
"Adam Pelech","30.52022761"," 36.9779425108",155,"NYI"
"Nick Bjugstad","30.47403800"," 38.8776110956",139,"UTA"
"Adam Larsson","30.45432840"," 41.2915918113",155,"SEA"
"Brandon Duhaime","30.41135587"," 41.1180258933",125,"WSH"
"Alex Vlasic","30.40923420"," 34.8910780551",141,"CHI"
"Lane Hutson","30.32918630"," 37.6251589663",137,"MTL"
"Adam Henrique","30.02230243"," 42.1871830766",124,"EDM"
"Sam Malinski","29.94770315"," 35.3212395255",135,"COL"
"Luke Evangelista","29.91039357"," 44.1869963098",135,"NSH"
"Ryan McLeod","29.66976641"," 44.3228537299",119,"BUF"
"Shane Wright","29.52226227"," 44.3782336191",131,"SEA"
"Casey Mittelstadt","29.43118871"," 44.0794293833",128,"BOS"
"Connor Brown","29.38121046"," 42.8036038729",135,"EDM"
"Niko Mikkola","29.34465683"," 38.2039371955",150,"FLA"
"Frederick Gaudreau","29.25979556"," 39.1567912216",136,"MIN"
"Kevin Hayes","29.24690568"," 48.1968876836",139,"PIT"
"Tommy Novak","29.21155366"," 43.7005243301",123,"PIT"
"Jack McBain","29.19143470"," 44.2916560288",128,"UTA"
"Philip Broberg","29.06171295"," 35.5402338360",143,"STL"
"Ben Chiarot","29.01788491"," 31.4410073452",146,"DET"
"Trevor Zegras","29.00925428"," 38.9835019259",127,"ANA"
"Matias Maccelli","28.98860314"," 40.1750436075",142,"UTA"
"Alex Iafallo","28.90694231"," 41.4919316572",128,"WPG"
"Anze Kopitar","28.89814833"," 46.6350444639",129,"LAK"
"Nick Foligno","28.84912155"," 46.5691480431",117,"CHI"
"Vladislav Namestnikov","28.81740696"," 47.8701883592",118,"WPG"
"Matt Roy","28.68235922"," 31.9304104915",132,"WSH"
"Joel Edmundson","28.65314651"," 27.3151308752",142,"LAK"
"Andrew Mangiapane","28.57155305"," 42.8803385152",123,"WSH"
"Jesper Boqvist","28.52123882"," 40.4447665955",116,"FLA"
"Eetu Luostarinen","28.51503680"," 42.8336217293",119,"FLA"
"Mathieu Olivier","28.50740998"," 42.9584088079",133,"CBJ"
"Jordan Spence","28.29147760"," 30.6836515808",135,"LAK"
"Damon Severson","28.27357622"," 39.1326695810",129,"CBJ"
"J.T. Compher","28.26830029"," 42.3201742018",123,"DET"
"Kirby Dach","28.18028389"," 39.4837816732",124,"MTL"
"Justin Brazeau","28.17404143"," 46.3096528081",123,"MIN"
"Filip Hronek","28.08459981"," 35.2608019670",128,"VAN"
"Lars Eller","28.00700377"," 41.6919607063",126,"WSH"
"Simon Holmstrom","27.97249327"," 41.7725951634",143,"NYI"
"Taylor Raddysh","27.93151557"," 42.2884645967",120,"WSH"
"Jonatan Berggren","27.87569826"," 42.2362616956",127,"DET"
"Trent Frederic","27.86387631"," 40.9761904676",115,"BOS"
"Luke Hughes","27.74764589"," 34.1917621852",145,"NJD"
"Jared Spurgeon","27.66510467"," 33.9762531524",133,"MIN"
"Timothy Liljegren","27.66364521"," 28.7235816238",131,"SJS"
"Adam Gaudette","27.65345896"," 40.7272007101",122,"OTT"
"Sean Kuraly","27.53968851"," 35.4242783822",119,"CBJ"
"Mason Appleton","27.51947011"," 38.9010793262",129,"WPG"
"Nicolas Roy","27.45438386"," 42.8121601761",124,"VGK"
"Zachary Aston-Reese","27.33151755"," 39.6138616137",118,"CBJ"
"Bowen Byram","27.30620856"," 38.1435974626",126,"BUF"
"Cody Glass","27.25834992"," 38.2935810965",125,"NJD"
"Joel Kiviranta","27.21572614"," 36.5909802705",109,"COL"
"Corey Perry","27.14090192"," 45.5810067594",124,"EDM"
"Alex Turcotte","27.11176198"," 40.1179992870",111,"LAK"
"Samuel Girard","27.07255966"," 33.6591939995",125,"COL"
"Rasmus Sandin","26.88932741"," 29.9966764758",127,"WSH"
"Zachary L'Heureux","26.86366216"," 38.5189716504",108,"NSH"
"Garnet Hathaway","26.82122015"," 41.5319617087",112,"PHI"
"Patrik Laine","26.74350402"," 31.7480608828",129,"MTL"
"Victor Olofsson","26.70834809"," 37.5089219225",119,"VGK"
"Braden Schneider","26.69840541"," 33.8291632398",130,"NYR"
"Keegan Kolesar","26.65747084"," 41.1639094164",117,"VGK"
"Ivan Provorov","26.60225642"," 33.6058325937",128,"CBJ"
"Andrew Copp","26.43468019"," 40.3122368691",99,"DET"
"Michael Carcone","26.40474399"," 35.9387833340",120,"UTA"
"Logan O'Connor","26.40336414"," 37.3617048603",118,"COL"
"Brett Pesce","26.27898147"," 30.2579211156",114,"NJD"
"Yakov Trenin","26.27488299"," 38.3872381626",117,"MIN"
"Mikey Anderson","26.19810493"," 24.2984051284",130,"LAK"
"Jake Evans","26.14872939"," 40.3269165598",111,"MTL"
"Mason Lohrei","26.04830597"," 30.0034300189",131,"BOS"
"Travis Hamonic","25.96017488"," 33.9651435585",118,"OTT"
"Marcus Pettersson","25.88129281"," 29.2728784330",115,"VAN"
"Erik Haula","25.87574095"," 40.7746557272",135,"NJD"
"Ryan Pulock","25.87325984"," 33.0483085989",126,"NYI"
"Philip Tomasino","25.81248627"," 41.1550450294",127,"PIT"
"Will Borgen","25.72223525"," 34.8563223789",108,"NYR"
"Trevor van Riemsdyk","25.71252864"," 30.2607742620",112,"WSH"
"Alexander Kerfoot","25.70726219"," 38.4650823021",116,"UTA"
"Esa Lindell","25.69616568"," 29.9050292483",128,"DAL"
"Alexandre Carrier","25.57914911"," 32.3346297790",103,"MTL"
"Colton Sissons","25.55636015"," 39.8230743908",121,"NSH"
"Jason Dickinson","25.51382318"," 31.8628761822",93,"CHI"
"Kevin Stenlund","25.51167566"," 33.4424396355",123,"UTA"
"Max Domi","25.47847661"," 39.0278978898",120,"TOR"
"Zemgus Girgensons","25.43921210"," 36.6481464980",110,"TBL"
"Morgan Barron","25.24414223"," 39.3316631831",121,"WPG"
"Craig Smith","25.23348864"," 34.4492522816",115,"DET"
"Uvis Balinskis","25.20707746"," 29.6222498069",108,"FLA"
"Matt Grzelcyk","25.16703689"," 28.4416784310",135,"PIT"
"Brett Leason","25.10147613"," 33.6896300153",120,"ANA"
"James van Riemsdyk","25.05570321"," 38.2342118805",103,"CBJ"
"Alexander Romanov","25.03837388"," 31.1762627289",120,"NYI"
"Nick Seeler","24.98024024"," 27.7473839632",132,"PHI"
"Andrew Peeke","24.74419932"," 28.1103902874",110,"BOS"
"Max Pacioretty","24.73129492"," 34.0647381258",102,"TOR"
"Sam Carrick","24.70572356"," 31.2985552485",106,"NYR"
"Mathew Barzal","24.63092675"," 35.7110474884",116,"NYI"
"Marcus Foligno","24.57974144"," 35.0855918691",111,"MIN"
"Michael Amadio","24.51176549"," 38.9984040754",101,"OTT"
"Johnathan Kovacevic","24.49514221"," 25.6587068564",117,"NJD"
"Danton Heinen","24.47167830"," 36.3617433126",107,"PIT"
"Brayden McNabb","24.33199633"," 30.2272196592",122,"VGK"
"Nils Hoglander","24.32489528"," 35.6925197230",106,"VAN"
"Peyton Krebs","24.24579237"," 34.7573305786",116,"BUF"
"Sam Steel","24.09733746"," 30.7723316490",112,"DAL"
"Cole Koepke","24.04682708"," 33.3046422301",108,"BOS"
"Alexander Wennberg","23.93819486"," 36.0825007116",103,"SJS"
"Olli Maatta","23.90652824"," 29.2690765253",104,"UTA"
"A.J. Greer","23.88766837"," 35.2436550768",105,"FLA"
"Josh Doan","23.73642946"," 32.2997431845",108,"UTA"
"Pavel Mintyukov","23.71912534"," 28.9496676913",101,"ANA"
"Jamie Oleksiak","23.67135879"," 26.7088654039",109,"SEA"
"Zach Bogosian","23.57967967"," 30.2386269988",111,"MIN"
"Jake Middleton","23.53133421"," 28.8611814711",120,"MIN"
"Erik Gustafsson","23.51441645"," 29.1089412970",120,"DET"
"Dylan Samberg","23.49432957"," 27.2078180519",113,"WPG"
"Tanner Jeannot","23.43177484"," 29.4781852731",98,"LAK"
"Nic Dowd","23.36475449"," 32.9344754431",111,"WSH"
"Ian Cole","23.35687346"," 28.2568523570",106,"UTA"
"Connor Murphy","23.34661676"," 29.4523431375",97,"CHI"
"Radko Gudas","23.33915132"," 29.1229938155",129,"ANA"
"Zach Whitecloud","23.29346600"," 26.7218453274",104,"VGK"
"Arber Xhekaj","23.25971749"," 28.5980685640",107,"MTL"
"Nick Blankenburg","23.13335538"," 31.1996324762",102,"NSH"
"Dante Fabbro","23.11236431"," 26.1994293677",112,"CBJ"
"Colin Miller","22.91388423"," 26.7279348554",97,"WPG"
"Mathieu Joseph","22.91215661"," 32.7542762776",100,"STL"
"Alexander Holtz","22.87694441"," 27.3479409968",99,"VGK"
"Alexey Toropchenko","22.85329490"," 35.8598362217",109,"STL"
"Mavrik Bourque","22.79448134"," 33.7862950247",104,"DAL"
"Ryan McDonagh","22.78581411"," 20.9673845547",110,"TBL"
"Noel Acciari","22.67162006"," 34.7542405240",106,"PIT"
"Conor Timmins","22.61872751"," 26.0257314140",92,"PIT"
"Cam York","22.59223947"," 28.7234879961",106,"PHI"
"Kevin Bahl","22.38617237"," 25.6327393893",118,"CGY"
"Brandon Carlo","22.32404282"," 26.9383460419",112,"TOR"
"Simon Edvinsson","22.30173107"," 23.8124571089",99,"DET"
"Emil Heineman","22.26953623"," 29.7950330571",101,"MTL"
"Dylan DeMelo","22.25949110"," 29.5649963021",112,"WPG"
"Nick Cousins","22.18012110"," 25.7682364657",88,"OTT"
"Cam Fowler","22.16643161"," 27.6126111755",93,"STL"
"Dmitry Kulikov","22.13760267"," 26.9505908696",98,"FLA"
"Michael McCarron","22.12823921"," 33.5140471816",107,"NSH"
"Radek Faksa","22.10295397"," 29.2480342321",96,"STL"
"Yegor Chinakhov","22.07024367"," 29.6854330865",104,"CBJ"
"Barclay Goodrow","22.06990111"," 31.6686572704",97,"SJS"
"Patrick Maroon","22.06268941"," 33.0690894917",98,"CHI"
"Yanni Gourde","21.97224308"," 32.7682344768",96,"TBL"
"Martin Fehervary","21.89527336"," 25.1581250900",105,"WSH"
"Nick Jensen","21.73258177"," 28.8670632703",104,"OTT"
"Beck Malenstyn","21.72404106"," 28.9828744272",86,"BUF"
"Ryan Poehling","21.34793344"," 32.2966316203",84,"PHI"
"Nicolas Hague","21.29826181"," 23.4556036223",95,"VGK"
"Mark Jankowski","21.28875263"," 29.4039102101",83,"CAR"
"Jake Bean","21.25543051"," 26.6954369121",96,"CGY"
"Nathan Walker","21.08946496"," 29.3531728707",88,"STL"
"Nate Schmidt","21.07214019"," 26.9450712570",104,"FLA"
"Steven Lorentz","21.05632387"," 29.5340007965",97,"TOR"
"Fedor Svechkov","21.04045562"," 28.9619786944",85,"NSH"
"Carson Soucy","20.95766543"," 24.7171820559",103,"NYR"
"Jonny Brodzinski","20.92833447"," 30.1915281545",80,"NYR"
"Erik Cernak","20.85910175"," 23.1025583614",98,"TBL"
"Andrei Kuzmenko","20.85276349"," 33.5648557369",101,"LAK"
"Cody Ceci","20.80378535"," 22.3207375795",109,"DAL"
"Robby Fabbri","20.78255522"," 30.0241297662",88,"ANA"
"Justin Danforth","20.74664118"," 29.9050961586",98,"CBJ"
"Joe Veleno","20.59480708"," 28.9824160323",83,"CHI"
"Brian Dumoulin","20.59319882"," 24.7807663893",97,"NJD"
"Luke Schenn","20.48687913"," 29.4799534620",100,"WPG"
"Josh Manson","20.36057730"," 26.4411338230",93,"COL"
"Frank Nazar","20.27892916"," 28.3632991904",91,"CHI"
"Nick Perbix","20.12547721"," 23.6296133664",100,"TBL"
"Brayden Pachal","20.02192468"," 28.3952411939",91,"CGY"
"Mark Kastelic","20.01909420"," 32.4318422078",93,"BOS"
"Mario Ferraro","19.98232958"," 19.2514132989",106,"SJS"
"Lukas Reichel","19.97417028"," 26.2056854086",83,"CHI"
"Tyler Kleven","19.96927473"," 22.3174047120",90,"OTT"
"Ilya Lyubushkin","19.95791093"," 19.1434258284",81,"DAL"
"Kaiden Guhle","19.89935457"," 23.5853592209",93,"MTL"
"Ryker Evans","19.80157210"," 22.2642131478",102,"SEA"
"Oskar Sundqvist","19.64177110"," 29.2181759875",89,"STL"
"Jamie Drysdale","19.56892037"," 22.1238571647",94,"PHI"
"Carl Grundstrom","19.51826892"," 28.8164566658",88,"SJS"
"Jake McCabe","19.47926586"," 21.2624556658",94,"TOR"
"Tye Kartye","19.44935939"," 27.9233033007",73,"SEA"
"Chandler Stephenson","19.44575327"," 27.1253149978",97,"SEA"
"Henri Jokiharju","19.44423852"," 23.2569216725",85,"BOS"
"Ryan Lomberg","19.32823756"," 24.7906371109",81,"CGY"
"Noah Gregor","19.32062768"," 26.4262883773",89,"SJS"
"Isac Lundestrom","19.23073642"," 26.7311531972",82,"ANA"
"Pontus Holmberg","19.19724953"," 30.4630995501",93,"TOR"
"Zac Jones","19.01315316"," 26.5219557483",76,"NYR"
"Ryan Lindgren","18.96131146"," 21.6355468824",92,"COL"
"Philipp Kurashev","18.80990258"," 27.5623042639",79,"CHI"
"Mitchell Chaffee","18.71466524"," 25.2056516756",92,"TBL"
"Jonathan Drouin","18.62366550"," 25.1686712177",78,"COL"
"Ty Emberson","18.56793341"," 22.1394076589",84,"EDM"
"Cole Smith","18.55673077"," 29.1171707025",84,"NSH"
"Vinnie Hinostroza","18.38118779"," 27.1197954347",73,"MIN"
"Conor Geekie","18.22559455"," 25.0582044393",80,"TBL"
"Marc Del Gaizo","18.06362041"," 22.5837810826",76,"NSH"
"Brenden Dillon","17.95319649"," 17.8778665572",83,"NJD"
"Joshua Mahura","17.94281274"," 20.1292565094",81,"SEA"
"Jonas Brodin","17.94180860"," 18.5774942207",84,"MIN"
"Justin Barron","17.93912231"," 26.0414429363",81,"NSH"
"Ryan Suter","17.93537440"," 20.7086187170",88,"STL"
"Emil Lilleberg","17.78375521"," 19.6610963847",87,"TBL"
"William Carrier","17.75870964"," 24.2239286099",72,"CAR"
"Declan Chisholm","17.60999119"," 22.7760500945",86,"MIN"
"Calvin de Haan","17.55000480"," 20.2435721436",87,"NYR"
"Nils Lundkvist","17.45941734"," 22.4304426735",80,"DAL"
"Alexandre Texier","17.42478362"," 24.3157708086",70,"STL"
"Mathew Dumba","17.39209254"," 20.7097668839",83,"DAL"
"Rasmus Kupari","17.19740395"," 25.3079640698",75,"WPG"
"Artem Zub","17.16010580"," 22.1383680920",69,"OTT"
"Tomas Tatar","16.96035300"," 26.7507414088",83,"NJD"
"Pierre Engvall","16.84495474"," 24.1689852159",73,"NYI"
"Nico Sturm","16.84057837"," 24.7861282555",72,"FLA"
"Mattias Janmark","16.79526710"," 25.0117640691",71,"EDM"
"Logan Stanley","16.79249605"," 18.6295699493",70,"WPG"
"Jonas Siegenthaler","16.78376708"," 16.0306576483",82,"NJD"
"Jordan Greenway","16.73879321"," 22.3873493557",65,"BUF"
"Connor Clifton","16.69694497"," 21.2128800578",83,"BUF"
"Anthony Duclair","16.60400837"," 26.5337927440",79,"NYI"
"Oliver Wahlstrom","16.51794011"," 24.1302299164",72,"BOS"
"Colin Blackwell","16.46939787"," 23.9101543676",82,"DAL"
"Daniil Miromanov","16.11310509"," 17.0396251916",74,"CGY"
"Luke Glendening","16.10875145"," 20.8572181801",70,"TBL"
"Jake Christiansen","16.09809371"," 17.9952515124",87,"CBJ"
"Kasperi Kapanen","16.04844075"," 24.6280995590",78,"EDM"
"Tyler Motte","15.98227638"," 22.4530626800",78,"DET"
"Wyatt Kaiser","15.95991255"," 16.4342960855",77,"CHI"
"Nikolai Kovalenko","15.78235440"," 21.9914587298",74,"SJS"
"Jakub Vrana","15.77240367"," 20.2765760031",60,"NSH"
"Jordan Eberle","15.73764991"," 25.3634554086",75,"SEA"
"Tomas Nosek","15.73554223"," 23.4415750534",67,"FLA"
"David Perron","15.63822224"," 24.5621742487",72,"OTT"
"Mattias Samuelsson","15.54876104"," 19.8302296600",71,"BUF"
"Kyle MacLean","15.53432928"," 22.5137221478",80,"NYI"
"Trevor Lewis","15.52056249"," 18.3554292380",77,"LAK"
"Scott Mayfield","15.47468260"," 21.5909599555",75,"NYI"
"John Beecher","15.37275378"," 22.9048925961",68,"BOS"
"Connor Dewar","15.26734537"," 22.6284789000",59,"PIT"
"Miles Wood","15.23424469"," 22.0441535297",75,"COL"
"Emil Andrae","15.06649185"," 15.4063318549",62,"PHI"
"Elmer Soderblom","15.03871446"," 21.5952732328",55,"DET"
"Jan Rutta","14.99452940"," 16.7791849627",78,"SJS"
"Blake Lizotte","14.90795750"," 21.6526965516",69,"PIT"
"David Savard","14.86289871"," 15.5167380911",68,"MTL"
"David Kampf","14.84415404"," 22.3370367344",67,"TOR"
"Jon Merrill","14.70363319"," 17.5088885215",71,"MIN"
"Drew Helleson","14.69010172"," 20.0847287921",72,"ANA"
"Ryan Graves","14.64129914"," 17.8973623579",68,"PIT"
"Kevin Rooney","14.59865542"," 20.1400162197",64,"CGY"
"Troy Stecher","14.59554050"," 14.7975533286",65,"EDM"
"Dakota Joshua","14.52451141"," 26.1210866224",63,"VAN"
"Alec Martinez","14.30098258"," 15.4596095737",66,"CHI"
"Ty Dellandrea","13.82985976"," 21.0904214671",68,"SJS"
"Juuso Valimaki","13.72684124"," 17.1474286998",63,"UTA"
"Gage Goncalves","13.64292624"," 18.3628122422",61,"TBL"
"Jakob Pelletier","13.57905049"," 17.7957126478",58,"PHI"
"Justin Holl","13.53554839"," 18.6406788919",65,"DET"
"Tyler Seguin","13.41803961"," 21.8644519933",62,"DAL"
"Philippe Myers","13.24060726"," 17.0252948408",61,"TOR"
"Kevin Labanc","13.15673760"," 16.8156083175",60,"CBJ"
"Boone Jenner","13.08318106"," 19.9375618803",54,"CBJ"
"Devin Shore","13.05622306"," 18.8204388930",51,"MIN"
"Simon Benoit","13.02792333"," 19.0206896667",65,"TOR"
"J.J. Moser","12.86554942"," 13.5598566924",56,"TBL"
"Matthew Poitras","12.60447857"," 16.4016566244",54,"BOS"
"Joel Hanley","12.56837747"," 15.8018630305",62,"CGY"
"Adam Boqvist","12.32410035"," 17.8630982400",54,"NYI"
"Adam Edstrom","12.27389646"," 19.4137014843",60,"NYR"
"Tony DeAngelo","12.09773680"," 13.7494793474",59,"NYI"
"Jayden Struble","12.04038538"," 14.6406326026",59,"MTL"
"Daniel Sprong","12.02553611"," 12.2852328761",57,"NJD"
"Jakub Lauko","11.94302252"," 18.5799880945",53,"BOS"
"Nikolas Matinpalo","11.92694516"," 13.3036647085",51,"OTT"
"Chris Tanev","11.89443677"," 15.0654288247",56,"TOR"
"Vincent Desharnais","11.88534615"," 13.2839199844",58,"SJS"
"Nathan Bastian","11.84828003"," 15.7552395191",57,"NJD"
"Cole Schwindt","11.75805799"," 15.6809131913",48,"VGK"
"Brett Berard","11.72922138"," 19.3481900537",57,"NYR"
"Liam O'Brien","11.64093520"," 15.2244547457",50,"UTA"
"Jansen Harkins","11.58119039"," 17.2816262494",55,"ANA"
"Henry Thrun","11.57494517"," 11.9448364301",67,"SJS"
"Juuso Parssinen","11.52342582"," 16.0176339739",43,"NYR"
"Albert Johansson","11.50915658"," 15.1722220883",57,"DET"
"Egor Zamula","11.49578685"," 11.3326571793",49,"PHI"
"Hampus Lindholm","11.17938929"," 14.4354172132",48,"BOS"
"Haydn Fleury","11.12643047"," 13.1853377809",55,"WPG"
"Derek Forbort","11.11677153"," 13.8076365537",58,"VAN"
"Ivan Ivan","11.05386683"," 15.3686618083",50,"COL"
"Keaton Middleton","10.95903826"," 13.8156402941",53,"COL"
"Marat Khusnutdinov","10.92838926"," 17.0001300042",56,"BOS"
"Liam Ohgren","10.86915412"," 12.8961915523",49,"MIN"
"Denton Mateychuk","10.82354002"," 11.5563367276",49,"CBJ"
"Erik Brannstrom","10.81361059"," 10.6607267061",49,"VAN"
"Cam Atkinson","10.74670850"," 13.6262110003",50,"TBL"
"Jeff Petry","10.74422537"," 12.6818143185",46,"DET"
"Christian Fischer","10.56358176"," 17.9996397160",48,"CBJ"
"Urho Vaakanainen","10.50505992"," 10.2637626438",57,"NYR"
"Vinni Lettieri","10.33551328"," 17.5803658628",46,"BOS"
"Klim Kostin","10.26793637"," 13.9887699746",42,"SJS"
"Jimmy Vesey","10.24581491"," 13.5276387262",49,"COL"
"Justin Dowling","10.21953948"," 13.9525418951",51,"NJD"
"Drew Doughty","10.20959541"," 10.2674699756",50,"LAK"
"TJ Brodie","10.09987622"," 12.4410132505",46,"CHI"
"Jonah Gadjovich","10.09022401"," 16.8731320431",48,"FLA"
"Matt Rempe","10.00996351"," 12.9166936353",38,"NYR"
"Parker Wotherspoon","10.00241986"," 11.0275560370",52,"BOS"
"Mikael Pyyhtia"," 9.94640627"," 14.0685357237",44,"CBJ"
"Sam Lafferty"," 9.85666854"," 14.9539861313",54,"BUF"
"Sam Colangelo"," 9.80489691"," 13.5027218889",43,"ANA"
"Brock McGinn"," 9.78516843"," 14.2440895261",38,"ANA"
"Louis Crevier"," 9.76884888"," 12.2880878453",44,"CHI"
"Tyson Jost"," 9.74619040"," 14.3426678086",38,"CAR"
"Lian Bichsel"," 9.70975479","  7.3866629279",39,"DAL"
"Tyler Tucker"," 9.62966691"," 11.1560398065",47,"STL"
"Jesse Puljujarvi"," 9.58885301"," 15.7162335064",60,"PIT"
"Oskar Back"," 9.51409377"," 14.4397662142",49,"DAL"
"Landon Slaggert"," 9.50796294"," 14.7344099430",37,"CHI"
"Jonathan Lekkerimaki"," 9.48977936"," 12.2638595626",39,"VAN"
"Matt Nieto"," 9.28907639"," 15.2485473021",37,"PIT"
"Adam Wilsby"," 9.21509532"," 12.4764243606",45,"NSH"
"Shakir Mukhamadullin"," 9.14792652"," 11.6392711559",42,"SJS"
"Ben Jones"," 9.00334437"," 11.5615618620",41,"MIN"
"Jeremy Lauzon"," 8.77905143"," 11.9067658614",40,"NSH"
"Brendan Smith"," 8.56679683"," 10.5219886662",39,"DAL"
"Jack Thompson"," 8.55361284","  9.6470847982",45,"SJS"
"Zack Ostapchuk"," 8.54413555"," 12.0831989362",35,"OTT"
"Sean Durzi"," 8.48506863"," 12.6422905885",42,"UTA"
"Samuel Helenius"," 8.47692323"," 10.2088638062",37,"LAK"
"Jack Johnson"," 8.35538536"," 10.3394436000",34,"CBJ"
"Curtis Lazar"," 8.30139679"," 10.3404140231",36,"NJD"
"Matthew Highmore"," 8.19443098"," 12.5659542280",44,"OTT"
"Colton Dach"," 8.17435989"," 14.2874313667",39,"CHI"
"Noah Juulsen"," 8.17297984"," 12.0059537474",36,"VAN"
"Mike Reilly"," 8.16301544","  8.9327377438",42,"NYI"
"Collin Graf"," 8.12161514"," 11.0438770353",40,"SJS"
"P.O Joseph"," 8.07801837","  9.7797940462",32,"PIT"
"Dennis Cholowski"," 7.83272273"," 10.8627924090",42,"NJD"
"Isaiah George"," 7.82225059","  6.8269843064",37,"NYI"
"Jacob Moverare"," 7.77818571","  6.7575258405",38,"LAK"
"Chris Wagner"," 7.76357912"," 11.5374230514",36,"COL"
"Marc Gatcomb"," 7.68692983"," 10.7770022298",31,"NYI"
"Jordan Oesterle"," 7.61214154","  9.8569166195",41,"NSH"
"Erik Johnson"," 7.58259647","  7.8603262021",33,"COL"
"Jacob Bernard-Docker"," 7.52617285"," 10.9834142067",36,"BUF"
"Nolan Allan"," 7.45612071","  8.4919313695",33,"CHI"
"Nicolas Aube-Kubel"," 7.42263916","  9.3046101038",29,"BUF"
"Max Sasson"," 7.40532103"," 10.8958555209",30,"VAN"
"Victor Mancini"," 7.36219821"," 10.1643938888",34,"VAN"
"Anthony Mantha"," 7.33029589","  9.7556054797",28,"CGY"
"Fraser Minten"," 7.28109669"," 10.3220411647",29,"TOR"
"Hudson Fasching"," 7.22243514","  9.8220865838",39,"NYI"
"Anthony Richard"," 7.19790349","  9.6286271363",31,"PHI"
"Rodrigo Abols"," 7.13158806"," 11.5795027213",30,"PHI"
"Kaedan Korczak"," 7.11239993","  8.3142397311",36,"VGK"
"David Gustafsson"," 7.01394844"," 11.3591237991",38,"WPG"
"Zack MacEwen"," 6.97419688","  9.5796303764",35,"OTT"
"Ethen Frank"," 6.92341708","  9.2106443351",32,"WSH"
"John Marino"," 6.65890337","  8.9513289994",35,"UTA"
"Arthur Kaliyev"," 6.59165185","  9.4763030378",27,"NYR"
"Maveric Lamoureux"," 6.56287113","  7.4932994572",28,"UTA"
"Hendrix Lapierre"," 6.55175251"," 10.1500593368",28,"WSH"
"Tim Sttzle"," 6.39478254"," 10.5098619592",31,"OTT"
"Nicolas Deslauriers"," 6.36096996","  9.4916831702",25,"PHI"
"Phillip Di Giuseppe"," 6.35448580","  9.3578959202",28,"VAN"
"Matthew Kessel"," 6.34737886","  7.7049725381",30,"STL"
"Pierre-Olivier Joseph"," 6.26327135","  6.1875639763",30,"PIT"
"Scott Perunovich"," 6.25066380","  6.6637102235",28,"NYI"
"Ryan Shea"," 6.11063967","  7.6679545501",32,"PIT"
"Owen Pickering"," 6.04957181","  7.6322011165",27,"PIT"
"Kieffer Bellows"," 6.04007788","  7.7230435694",27,"NSH"
"Tyson Barrie"," 6.02221444","  7.0648633381",25,"CGY"
"Adam Klapka"," 6.01874122"," 10.1666329848",29,"CGY"
"Jacob Bryson"," 5.71475987","  8.1890545711",27,"BUF"
"Brennan Othmann"," 5.65449584","  8.8323582448",22,"NYR"
"Simon Nemec"," 5.62178702","  6.4059353816",25,"NJD"
"Ryan Reaves"," 5.60399022","  7.9893101305",25,"TOR"
"Vladislav Kolyachonok"," 5.55371180","  6.4779265011",32,"PIT"
"Walker Duehr"," 5.54373184","  9.0939470725",24,"SJS"
"Joshua Roy"," 5.52059750","  7.7717434089",24,"MTL"
"Mitchell Stephens"," 5.50997249","  9.0638778675",30,"SEA"
"Jani Nyman"," 5.43071871","  7.4835976940",27,"SEA"
"Derek Ryan"," 5.39433038","  8.5240231715",27,"EDM"
"Nick DeSimone"," 5.37890265","  7.6231371984",23,"UTA"
"Spencer Stastney"," 5.37346674","  6.3938287785",23,"NSH"
"Jordan Harris"," 5.34744172","  6.1109156590",21,"CBJ"
"Alexis Lafrenire"," 5.34023838","  6.5505939675",24,"NYR"
"Akil Thomas"," 5.20529856","  8.4831319377",23,"LAK"
"Tyson Kozak"," 5.05714522","  7.6227170229",22,"BUF"
"Ville Heinola"," 4.97135259","  4.8258166887",25,"WPG"
"Justin Kirkland"," 4.94714770","  6.3457461800",18,"CGY"
"Andre Lee"," 4.92591621","  6.4965479964",23,"LAK"
"Ivan Miroshnichenko"," 4.84204737","  8.1238069721",25,"WSH"
"Matt Martin"," 4.83232717","  6.4077531905",23,"NYI"
"Cale Fleury"," 4.76257303","  5.4084201446",20,"SEA"
"Aatu Raty"," 4.69585058","  4.9687743129",20,"VAN"
"Joey Anderson"," 4.60894443","  6.4042454045",20,"CHI"
"Ethan Del Mastro"," 4.60742692","  5.9148619045",22,"CHI"
"Jack St. Ivany"," 4.55430473","  6.0505449304",22,"PIT"
"Danil Gushchin"," 4.51652345","  6.9776316237",24,"SJS"
"Ross Johnston"," 4.47789404","  6.8662876608",21,"ANA"
"Raphael Lavoie"," 4.46975167","  4.6237314301",17,"VGK"
"Brendan Gaunce"," 4.41246196","  7.5697110351",21,"MIN"
"Dylan Coghlan"," 4.40723303","  7.1969693527",18,"WPG"
"John Hayden"," 4.40036253","  7.1983723193",18,"SEA"
"Nicholas Paul"," 4.31670994","  4.7555746324",15,"TBL"
"John Klingberg"," 4.27096177","  5.9069310879",23,"EDM"
"Michael Pezzetta"," 4.14064029","  5.7092554420",17,"MTL"
"Luca Del Bel Belluz"," 4.11787326","  6.2192273678",23,"CBJ"
"Andreas Englund"," 4.11070253","  4.6167577049",23,"NSH"
"Juha Jaaska"," 4.08429830","  5.1672480204",22,"CAR"
"Ty Smith"," 4.06758024","  4.8418125571",19,"CAR"
"Cole Reinhardt"," 3.90656977","  5.6504916064",17,"OTT"
"Nick Leddy"," 3.88581851","  5.8036047546",23,"STL"
"Jere Innala"," 3.68137395","  5.0404672176",12,"COL"
"Nikita Nesterenko"," 3.65935525","  5.7844800358",20,"ANA"
"Oliver Kapanen"," 3.61768856","  5.6758862250",18,"MTL"
"Olle Lycksell"," 3.56646287","  6.5167254237",22,"PHI"
"Logan Mailloux"," 3.52170574","  3.6187605400",14,"MTL"
"Marc-Edouard Vlasic"," 3.51713669","  2.6374929411",15,"SJS"
"Tobias Bjornfot"," 3.37263198","  5.1066710785",15,"FLA"
"Marc McLaughlin"," 3.27391351","  4.4352631946",18,"BOS"
"Oskar Bck"," 3.19687845","  4.9123861110",16,"DAL"
"Callahan Burke"," 3.16770853","  4.7662751563",15,"VGK"
"Grant Hutton"," 3.10031643","  3.8794668019",15,"NYI"
"Scott Morrow"," 3.07762474","  3.2407483772",19,"CAR"
"Emil Bemstrom"," 3.06836395","  4.9773984039",17,"PIT"
"Noah Philp"," 3.05769738","  5.7173694037",18,"EDM"
"Artyom Levshunov"," 2.99328580","  3.1178530837",17,"CHI"
"Kurtis MacDermid"," 2.98238958","  5.3251500695",11,"NJD"
"Calum Ritchie"," 2.93929821","  5.1806243379",17,"COL"
"Linus Karlsson"," 2.93923127","  4.8700772487",13,"VAN"
"Robert Bortuzzo"," 2.90415923","  3.1587924324",11,"UTA"
"Alex Nylander"," 2.85243697","  3.2871601805",8,"TOR"
"Jonas Rondbjerg"," 2.81948435","  3.7476190873",14,"VGK"
"Janis Moser"," 2.80946990","  3.2601910545",14,"TBL"
"Nils Aman"," 2.80935292","  5.2278265506",12,"VAN"
"Bokondji Imama"," 2.80345676","  3.5576555724",12,"PIT"
"Patrick Giles"," 2.75750389","  4.4925327208",17,"SJS"
"Nikita Chibrikov"," 2.70844198","  3.8871538201",9,"WPG"
"Georgii Merkulov"," 2.70289618","  4.1424036734",11,"BOS"
"Max Jones"," 2.68992886","  3.7866721898",10,"EDM"
"Travis Dermott"," 2.63022599","  3.3720510490",15,"MIN"
"Valtteri Puustinen"," 2.61712013","  3.5396413803",8,"PIT"
"Kevin Gravel"," 2.61119023","  2.1708430741",11,"NSH"
"Oliver Kylington"," 2.60903282","  3.1626911163",9,"COL"
"Kevin Korchinski"," 2.49777244","  3.1744653196",11,"CHI"
"David Jiricek"," 2.46235662","  3.3817396676",16,"MIN"
"Michael Callahan"," 2.45915459","  2.1773809001",10,"BOS"
"Owen Beck"," 2.42515440","  4.9590343758",14,"MTL"
"Andreas Athanasiou"," 2.37753406","  3.4591182843",12,"CHI"
"Alex Steeves"," 2.35478523","  2.8774293922",11,"TOR"
"Ian Mitchell"," 2.34793443","  3.0920294747",13,"BOS"
"Dennis Gilbert"," 2.34745038","  2.7526601315",13,"BUF"
"Samuel Honzek"," 2.31683742","  2.8958283747",8,"CGY"
"Seamus Casey"," 2.30800556","  3.3690862469",11,"NJD"
"Joakim Kemell"," 2.25405420","  3.1744952574",9,"NSH"
"Arshdeep Bains"," 2.19453238","  3.0471500154",12,"VAN"
"Patrick Brown"," 2.18095028","  2.2328287605",10,"BOS"
"Kyle Burroughs"," 2.09557311","  2.3119711825",9,"LAK"
"Conor Sheary"," 2.07657772","  2.5145030767",5,"TBL"
"Tristan Luneau"," 2.06790406","  2.8846373390",10,"ANA"
"Sam Poulin"," 2.04164743","  2.7649906129",7,"PIT"
"Tyler Johnson"," 2.04086427","  2.1333376653",10,"BOS"
"John Ludvig"," 2.03982052","  2.0275774300",10,"COL"
"Matej  Blumel"," 1.96635249","  3.3406921998",10,"DAL"
"Brendan Brisson"," 1.94915386","  3.9248284847",12,"VGK"
"Lucas Condotta"," 1.94806531","  3.1645613015",7,"MTL"
"Maxwell Crozier"," 1.92219330","  2.8585495800",13,"TBL"
"Matt Savoie"," 1.85130870","  3.0147671252",10,"EDM"
"Jimmy Schuldt"," 1.82834461","  2.0729572177",6,"SJS"
"Helge Grans"," 1.82515062","  1.9742511492",8,"PHI"
"Alex Kerfoot"," 1.81273954","  2.1728972174",11,"UTA"
"Matt Stienburg"," 1.76840057","  2.9429003894",6,"COL"
"Ben Hutton"," 1.73220114","  1.3852410307",10,"VGK"
"Joshua Brown"," 1.66668002","  1.9076323695",8,"EDM"
"Dominik Shine"," 1.64455395","  2.1142888585",7,"DET"
"Austin Watson"," 1.62665381","  1.7291515991",8,"DET"
"Caleb Jones"," 1.60568084","  1.7695443877",9,"LAK"
"Matt Benning"," 1.59629307","  1.3786815810",9,"SJS"
"Ben Meyers"," 1.58651388","  2.0370196700",5,"SEA"
"Ilya Solovyov"," 1.58570024","  1.5212476552",9,"CGY"
"Rory Kerins"," 1.58116218","  2.6844900995",8,"CGY"
"Ryan Johnson"," 1.56267561","  2.0204973072",9,"BUF"
"T.J. Tynan"," 1.54752379","  2.4475297996",7,"COL"
"Guillaume Brisebois"," 1.54629757","  1.9296838269",5,"VAN"
"Drake Caggiula"," 1.51500346","  2.2677849382",7,"EDM"
"Jeffrey Viel"," 1.49861252","  2.0970218750",5,"BOS"
"Nikita Prishchepov"," 1.47981856","  1.4948525759",7,"COL"
"Ozzy Wiesblatt"," 1.47330204","  1.4584849551",5,"NSH"
"Jett Luchanko"," 1.47047499","  2.1015497819",6,"PHI"
"William Lagesson"," 1.40742785","  1.1850464866",4,"DET"
"Corey Schueneman"," 1.39232150","  1.5436728299",6,"STL"
"Ryan Winterton"," 1.38625188","  2.2873815373",8,"SEA"
"Dylan McIlrath"," 1.35743725","  1.3755970448",6,"WSH"
"Cam Dineen"," 1.34200739","  0.9869526066",8,"EDM"
"Ethan Cardwell"," 1.32741558","  1.8262146721",8,"SJS"
"Dryden Hunt"," 1.32139547","  2.1075411886",5,"CGY"
"Alexander Petrovic"," 1.25801261","  1.3612543494",4,"DAL"
"Zach Aston-Reese"," 1.20697863","  1.4571764171",5,"CBJ"
"Fabian Lysell"," 1.19891783","  1.5366985332",8,"BOS"
"Calle Jarnkrok"," 1.18609813","  0.9452186508",7,"TOR"
"Joona Koppanen"," 1.17975490","  1.0870542871",4,"PIT"
"Vasily Ponomarev"," 1.11237302","  1.4470255002",4,"PIT"
"Mark Friedman"," 1.05942691","  0.6345459350",6,"VAN"
"Brad Lambert"," 1.03372613","  1.5227449238",4,"WPG"
"Givani Smith"," 1.02318745","  1.9607435204",8,"COL"
"Alexander Alexeyev"," 1.02103201","  1.1238257475",6,"WSH"
"Dominic Toninato"," 0.98532256","  0.4557153027",3,"WPG"
"Brian Halonen"," 0.97458460","  1.3139042705",4,"NJD"
"Parker Ford"," 0.97236039","  1.1905877069",4,"WPG"
"Jacob Gaucher"," 0.97141677","  1.5225027711",4,"PHI"
"Angus Crookshank"," 0.92388450","  1.5038078576",4,"OTT"
"Sergei Bobrovsky"," 0.91471374","  1.3625209332",2,"FLA"
"Nathan Clurman"," 0.90760019","  0.9797744360",4,"PIT"
"Jake Lucchini"," 0.89916723","  0.8180040792",3,"NSH"
"Sonny Milano"," 0.87660986","  1.9907551855",4,"WSH"
"Tanner Laczynski"," 0.86133237","  2.0474506319",4,"VGK"
"Nolan Foote"," 0.84173371","  1.1318034530",6,"NJD"
"Justin Hryckowian"," 0.83213413","  1.4003088325",4,"DAL"
"Declan Carlile"," 0.78809295","  1.0184249748",6,"TBL"
"Arttu Hyry"," 0.74557164","  1.8505014181",5,"DAL"
"Joseph LaBate"," 0.74451757","  1.4841456413",4,"CBJ"
"Jason Polin"," 0.73560864","  0.9974798374",3,"COL"
"Clark Bishop"," 0.73049449","  1.0953037962",4,"CGY"
"Jani Hakanp"," 0.68218827","  0.5742361695",2,"TOR"
"Isak Rosen"," 0.67485714","  0.4834715873",2,"BUF"
"Chad Ruhwedel"," 0.66896105","  1.0746910535",4,"NYR"
"Cameron Atkinson"," 0.66795209","  1.1948625445",4,"TBL"
"Colin White"," 0.62154970","  1.4395525083",3,"SJS"
"Arvid Soderblom"," 0.60961586","  0.7931021452",1,"CHI"
"Nikita Grebenkin"," 0.60058014","  1.4349502474",4,"TOR"
"Josh Dunne"," 0.58540330","  1.1318236329",4,"BUF"
"Andrew Poturalski"," 0.55987471","  1.2342985943",5,"SJS"
"Vittorio Mancini"," 0.54779113","  0.7527891882",3,"VAN"
"Daemon Hunt"," 0.54026457","  0.6790533662",3,"MIN"
"Nathan Legare"," 0.52706307","  0.3449573368",3,"NJD"
"Liam Foudy"," 0.52460355","  0.1050976962",1,"NYI"
"Dylan Duke"," 0.51361853","  0.5470101237",1,"TBL"
"Pyotr Kochetkov"," 0.51139915","  0.7565486431",1,"CAR"
"Matej Blumel"," 0.50834790","  1.3012468219",2,"DAL"
"Jake Allen"," 0.49476653","  0.6733365655",1,"NJD"
"Dakota Mermis"," 0.48767473","  0.6079089195",2,"UTA"
"Luca Cagnoni"," 0.46983028","  0.1845186066",4,"SJS"
"Justin Sourdif"," 0.43672486","  0.9188607931",2,"FLA"
"Tye Felhaber"," 0.42489228","  0.7751490623",2,"COL"
"Erik Gudbranson"," 0.41265554","  0.3750991403",2,"CBJ"
"Isaak Phillips"," 0.40566389","  0.2792736189",3,"CHI"
"Connor Mackey"," 0.38823290","  0.1186011173",2,"NYR"
"Reese Johnson"," 0.37570605","  0.5965240002",1,"MIN"
"Shane Bowers"," 0.35350779","  0.4000420018",2,"NJD"
"Steven Santini"," 0.35211877","  0.5534590520",3,"TBL"
"Lucas Carlsson"," 0.33954872","  0.2308636680",2,"SJS"
"Rutger McGroarty"," 0.32840101","  0.2849063016",2,"PIT"
"Ilya Sorokin"," 0.31027928","  0.6858533621",1,"NYI"
"Oskar Olausson"," 0.30701221","  0.5779176205",3,"COL"
"Michael Sgarbossa"," 0.30549890","  0.1584064811",1,"WSH"
"Jacob Markstrom"," 0.30189943","  0.0487992018",1,"NJD"
"Rasmus Asplund"," 0.30164634","  0.6980582476",2,"FLA"
""," 0.29914301","  0.2576916309",7,"NJD"
"Lukas Dostal"," 0.28891507","  0.4036614597",1,"ANA"
"Kailer Yamamoto"," 0.25304329","  0.6454853117",2,"UTA"
"Linus Ullmark"," 0.21588342","  0.7970094085",1,"OTT"
"Kyle Capobianco"," 0.21576688","  0.0979921073",1,"DAL"
"Riley Stillman"," 0.21550797","  0.2524831593",1,"CAR"
"Ryan Suzuki"," 0.20408395","  0.0538502261",1,"CAR"
"Joey Daccord"," 0.20120366","  0.7711089253",1,"SEA"
"Filip Gustavsson"," 0.19737537","  0.4122543633",1,"MIN"
"Alex Nedeljkovic"," 0.13917555","  0.2459198087",1,"PIT"
"Grigori Denisenko"," 0.13584030","  0.0920576081",1,"VGK"
"Riley Tufte"," 0.10260443","  0.2484798431",1,"BOS"
"Jack Finley"," 0.09707593","  0.2951948345",1,"TBL"
"Mackenzie Blackwood"," 0.08361328","  0.0006218072",1,"COL"
"Igor Shesterkin"," 0.07867485","  0.0159197431",1,"NYR"
"Travis Boyd"," 0.07460900","  0.1710030586",1,"MIN"
"James Malatesta"," 0.05700816","  0.2947039902",1,"CBJ"
